,Open
0,19.0
1,25.790001
2,25.0
3,23.0
4,20.0
5,16.4
6,16.139999
7,17.58
8,17.950001
9,17.389999
10,17.940001000000002
11,19.940001000000002
12,20.700001
13,21.370001000000002
14,21.85
15,20.66
16,20.5
17,21.190001000000002
18,21.5
19,20.91
20,20.549999
21,20.77
22,20.200001
23,20.5
24,21.0
25,21.950001
26,21.540001
27,20.1
28,19.9
29,19.65
30,18.690001000000002
31,17.799999
32,18.18
33,18.450001
34,18.959999
35,19.59
36,18.540001
37,18.65
38,19.09
39,19.25
40,19.16
41,19.889999
42,19.75
43,19.700001
44,19.66
45,19.620001000000002
46,20.370001000000002
47,20.870001000000002
48,20.610001
49,20.66
50,21.0
51,20.75
52,20.889999
53,20.540001
54,20.98
55,22.15
56,21.02
57,20.67
58,20.889999
59,20.870001000000002
60,19.889999
61,19.950001
62,20.4
63,21.040001
64,21.190001000000002
65,22.0
66,20.690001000000002
67,20.43
68,21.15
69,21.059998999999998
70,20.57
71,20.43
72,20.440001000000002
73,20.200001
74,20.639999
75,21.0
76,20.889999
77,20.52
78,20.200001
79,20.16
80,20.610001
81,20.68
82,20.940001000000002
83,20.799999
84,21.25
85,21.389999
86,21.139999
87,21.940001000000002
88,21.68
89,21.280001000000002
90,22.6
91,24.870001000000002
92,24.5
93,25.0
94,24.48
95,28.6
96,28.25
97,30.219998999999998
98,31.0
99,30.200001
100,30.67
101,30.16
102,31.57
103,33.290001000000004
104,35.27
105,35.599998
106,35.41
107,33.740002000000004
108,35.869999
109,34.009997999999996
110,32.009997999999996
111,31.35
112,30.49
113,32.48
114,32.509997999999996
115,32.049999
116,31.639999
117,30.290001
118,28.67
119,30.0
120,31.34
121,31.639999
122,31.799999
123,32.25
124,31.26
125,28.02
126,25.85
127,27.030001000000002
128,27.700001
129,26.57
130,26.84
131,26.66
132,26.48
133,26.83
134,28.0
135,28.17
136,28.59
137,27.01
138,26.959999
139,26.15
140,25.48
141,25.27
142,24.030001000000002
143,23.120001000000002
144,23.530001000000002
145,24.65
146,24.709999
147,24.74
148,24.879998999999998
149,24.049999
150,24.309998999999998
151,24.16
152,23.82
153,23.440001000000002
154,23.26
155,23.780001000000002
156,24.129998999999998
157,23.26
158,23.25
159,23.639999
160,23.01
161,23.1
162,24.629998999999998
163,23.33
164,22.879998999999998
165,22.18
166,21.780001000000002
167,22.809998999999998
168,23.74
169,24.049999
170,23.82
171,24.48
172,24.48
173,24.93
174,24.6
175,24.66
176,24.440001000000002
177,23.85
178,23.82
179,22.200001
180,22.860001
181,23.24
182,23.190001000000002
183,23.049999
184,22.73
185,22.110001
186,22.139999
187,22.43
188,22.700001
189,23.299999
190,24.110001
191,26.549999
192,27.450001
193,26.83
194,25.9
195,26.99
196,26.85
197,27.58
198,26.469998999999998
199,25.08
200,25.129998999999998
201,24.870001000000002
202,25.65
203,25.129998999999998
204,25.26
205,25.700001
206,25.85
207,26.700001
208,26.66
209,26.93
210,27.07
211,27.690001000000002
212,27.6
213,27.379998999999998
214,26.780001000000002
215,27.200001
216,26.9
217,27.0
218,28.24
219,28.200001
220,27.07
221,28.0
222,27.99
223,27.0
224,26.1
225,27.030001000000002
226,28.26
227,27.620001000000002
228,27.02
229,26.9
230,28.82
231,29.540001
232,29.690001000000002
233,30.0
234,28.52
235,29.950001
236,30.1
237,28.940001000000002
238,28.440001000000002
239,27.43
240,27.52
241,28.07
242,28.540001
243,28.440001000000002
244,27.67
245,26.870001000000002
246,26.290001
247,26.24
248,27.370001000000002
249,27.200001
250,27.639999
251,27.73
252,27.790001
253,28.5
254,28.5
255,29.07
256,29.02
257,29.139999
258,29.139999
259,29.889999
260,28.4
261,28.370001000000002
262,28.43
263,28.530001000000002
264,27.790001
265,27.34
266,27.58
267,28.0
268,28.91
269,28.700001
270,29.01
271,28.309998999999998
272,28.5
273,27.6
274,27.799999
275,28.67
276,28.690001000000002
277,27.5
278,26.51
279,24.99
280,23.1
281,24.15
282,25.440001000000002
283,24.040001
284,25.6
285,26.620001000000002
286,26.129998999999998
287,26.389999
288,25.0
289,23.860001
290,23.110001
291,21.93
292,23.1
293,23.870001000000002
294,22.709999
295,24.219998999999998
296,24.5
297,24.799999
298,24.66
299,23.66
300,22.5
301,23.389999
302,23.58
303,23.370001000000002
304,22.5
305,23.01
306,24.25
307,24.58
308,24.780001000000002
309,24.950001
310,25.98
311,25.950001
312,25.639999
313,25.49
314,26.52
315,26.0
316,26.0
317,25.719998999999998
318,24.799999
319,24.950001
320,23.290001
321,24.030001000000002
322,25.370001000000002
323,26.98
324,27.309998999999998
325,27.51
326,27.25
327,27.629998999999998
328,28.0
329,27.860001
330,27.299999
331,28.02
332,27.440001000000002
333,27.4
334,27.870001000000002
335,28.23
336,28.190001000000002
337,28.34
338,28.5
339,29.5
340,28.389999
341,29.0
342,30.0
343,31.459999
344,31.639999
345,31.370001000000002
346,30.870001000000002
347,30.940001000000002
348,31.9
349,33.0
350,32.919998
351,33.48
352,34.5
353,33.639998999999996
354,32.439999
355,31.76
356,31.76
357,31.549999
358,32.0
359,32.490002000000004
360,32.5
361,32.57
362,32.830002
363,33.529999
364,34.200001
365,34.630001
366,30.84
367,30.540001
368,30.440001000000002
369,30.57
370,29.5
371,28.67
372,28.790001
373,28.09
374,28.049999
375,27.91
376,27.6
377,28.0
378,27.66
379,28.99
380,28.59
381,28.49
382,28.940001000000002
383,28.209999
384,27.76
385,27.200001
386,27.0
387,27.440001000000002
388,27.620001000000002
389,28.48
390,28.4
391,26.620001000000002
392,26.690001000000002
393,27.190001000000002
394,26.9
395,26.809998999999998
396,26.629998999999998
397,27.27
398,28.07
399,28.5
400,29.49
401,29.9
402,29.07
403,29.719998999999998
404,30.41
405,31.1
406,31.799999
407,31.6
408,32.0
409,32.259997999999996
410,31.549999
411,31.74
412,33.099998
413,33.5
414,33.990002000000004
415,34.869999
416,34.5
417,33.990002000000004
418,34.23
419,33.41
420,33.639998999999996
421,33.810001
422,33.509997999999996
423,34.400002
424,34.349998
425,33.25
426,33.119999
427,33.110001000000004
428,33.200001
429,34.689999
430,36.509997999999996
431,36.0
432,35.279999
433,34.900002
434,35.259997999999996
435,34.98
436,34.939999
437,34.970001
438,34.259997999999996
439,35.59
440,37.16
441,37.779999
442,38.189999
443,37.52
444,37.330002
445,36.700001
446,35.27
447,35.099998
448,34.099998
449,33.150002
450,33.240002000000004
451,33.77
452,33.939999
453,33.41
454,32.43
455,32.09
456,32.75
457,33.139998999999996
458,32.860001000000004
459,31.82
460,32.07
461,32.959998999999996
462,33.599998
463,33.27
464,33.130001
465,33.5
466,33.91
467,32.32
468,31.959999
469,32.5
470,30.299999
471,32.970001
472,32.490002000000004
473,31.92
474,30.26
475,29.58
476,29.299999
477,28.370001000000002
478,27.58
479,30.1
480,30.559998999999998
481,31.25
482,30.16
483,30.01
484,31.08
485,30.07
486,28.530001000000002
487,28.030001000000002
488,27.84
489,28.200001
490,29.809998999999998
491,28.860001
492,30.309998999999998
493,29.23
494,29.549999
495,30.18
496,29.389999
497,29.940001000000002
498,32.02
499,33.5
500,34.259997999999996
501,32.599998
502,33.939999
503,32.049999
504,31.9
505,31.9
506,32.799999
507,31.35
508,30.6
509,30.809998999999998
510,30.99
511,30.940001000000002
512,31.540001
513,31.57
514,31.290001
515,32.970001
516,34.32
517,35.0
518,31.42
519,32.720001
520,32.07
521,31.049999
522,30.66
523,29.92
524,29.9
525,28.709999
526,29.51
527,27.540001
528,27.99
529,26.84
530,26.9
531,27.549999
532,28.77
533,29.9
534,29.52
535,29.309998999999998
536,29.690001000000002
537,30.75
538,29.389999
539,29.530001000000002
540,30.290001
541,30.15
542,29.58
543,29.01
544,30.0
545,30.059998999999998
546,29.57
547,28.4
548,28.49
549,28.6
550,28.610001
551,28.52
552,28.01
553,28.0
554,28.549999
555,29.200001
556,27.76
557,27.9
558,28.57
559,30.0
560,32.349998
561,31.879998999999998
562,31.0
563,30.93
564,31.1
565,29.51
566,28.620001000000002
567,27.66
568,27.82
569,28.73
570,29.5
571,29.280001000000002
572,29.75
573,30.0
574,29.700001
575,28.860001
576,29.120001000000002
577,28.389999
578,28.940001000000002
579,28.32
580,28.02
581,27.67
582,28.25
583,28.99
584,27.83
585,27.99
586,27.379998999999998
587,28.52
588,27.799999
589,27.530001000000002
590,27.700001
591,28.25
592,29.27
593,29.799999
594,30.610001
595,31.0
596,31.01
597,30.6
598,30.290001
599,31.290001
600,31.959999
601,31.299999
602,31.15
603,32.07
604,32.799999
605,32.610001000000004
606,32.599998
607,32.099998
608,32.130001
609,32.0
610,33.439999
611,33.630001
612,33.889998999999996
613,34.080002
614,33.82
615,33.82
616,34.299999
617,34.43
618,34.599998
619,35.209998999999996
620,35.259997999999996
621,33.779999
622,33.77
623,34.259997999999996
624,34.75
625,34.509997999999996
626,33.939999
627,33.639998999999996
628,33.959998999999996
629,33.5
630,33.380001
631,33.0
632,35.0
633,35.18
634,34.799999
635,34.799999
636,34.5
637,34.009997999999996
638,33.869999
639,34.040001000000004
640,33.080002
641,33.110001000000004
642,33.849998
643,34.16
644,34.740002000000004
645,34.560001
646,35.02
647,36.0
648,37.0
649,36.860001000000004
650,38.099998
651,37.849998
652,37.869999
653,38.169998
654,38.400002
655,38.0
656,38.18
657,39.189999
658,39.450001
659,37.98
660,38.450001
661,38.299999
662,38.639998999999996
663,38.5
664,37.360001000000004
665,39.299999
666,36.490002000000004
667,35.720001
668,36.150002
669,34.459998999999996
670,34.41
671,35.889998999999996
672,35.0
673,34.77
674,36.0
675,37.009997999999996
676,37.73
677,38.060001
678,38.869999
679,38.900002
680,39.0
681,38.900002
682,36.639998999999996
683,35.299999
684,35.25
685,35.259997999999996
686,35.950001
687,36.200001
688,37.099998
689,37.98
690,37.939999
691,38.23
692,42.360001000000004
693,43.599998
694,43.099998
695,41.110001000000004
696,42.0
697,41.970001
698,41.799999
699,40.700001
700,42.060001
701,43.25
702,43.5
703,44.189999
704,45.5
705,45.98
706,47.459998999999996
707,48.599998
708,51.0
709,50.900002
710,50.5
711,53.130001
712,51.759997999999996
713,56.0
714,55.990002000000004
715,53.849998
716,56.470001
717,56.389998999999996
718,62.0
719,57.5
720,70.120003
721,69.650002
722,80.989998
723,94.220001
724,81.800003
725,94.699997
726,92.5
727,91.120003
728,88.5
729,86.370003
730,84.809998
731,92.599998
732,101.550003
733,113.550003
734,102.459999
735,106.260002
736,97.620003
737,92.75
738,93.660004
739,95.25
740,98.0
741,98.93
742,98.18
743,96.800003
744,99.0
745,100.0
746,103.599998
747,101.75
748,102.059998
749,104.650002
750,103.699997
751,96.5
752,103.099998
753,103.800003
754,106.75
755,108.57
756,109.360001
757,118.25
758,118.0
759,118.32
760,121.370003
761,124.639999
762,123.190002
763,124.879997
764,125.5
765,133.029999
766,126.279999
767,106.519997
768,120.970001
769,118.5
770,119.889999
771,124.0
772,124.470001
773,120.400002
774,128.139999
775,129.320007
776,134.800003
777,132.570007
778,135.0
779,134.58999599999999
780,140.009995
781,144.75
782,141.889999
783,154.350006
784,152.399994
785,149.429993
786,149.5
787,142.720001
788,136.429993
789,141.630005
790,143.429993
791,148.649994
792,150.0
793,149.220001
794,157.0
795,165.149994
796,162.300003
797,169.059998
798,164.220001
799,166.369995
800,173.399994
801,169.770004
802,170.100006
803,168.570007
804,163.119995
805,161.449997
806,166.41000400000001
807,164.0
808,162.770004
809,168.0
810,165.080002
811,167.070007
812,170.800003
813,178.899994
814,184.479996
815,179.139999
816,183.559998
817,186.699997
818,187.520004
819,189.0
820,193.96000700000002
821,188.58999599999999
822,175.050003
823,176.399994
824,182.46000700000002
825,184.399994
826,174.729996
827,173.08999599999999
828,172.75
829,175.0
830,185.279999
831,184.899994
832,183.53999299999998
833,184.149994
834,183.279999
835,170.5
836,168.91000400000001
837,165.0
838,174.21000700000002
839,170.179993
840,162.759995
841,164.630005
842,155.669998
843,163.0
844,165.0
845,180.0
846,154.809998
847,144.190002
848,136.479996
849,141.0
850,144.690002
851,140.83999599999999
852,138.919998
853,136.850006
854,135.270004
855,119.43
856,126.08000200000001
857,122.889999
858,121.58000200000001
859,124.5
860,119.379997
861,121.309998
862,129.770004
863,126.349998
864,132.679993
865,144.320007
866,140.149994
867,141.509995
868,137.0
869,140.050003
870,141.880005
871,139.699997
872,148.050003
873,148.479996
874,147.580002
875,152.240005
876,146.899994
877,141.580002
878,144.850006
879,150.0
880,155.03999299999998
881,155.300003
882,151.119995
883,152.320007
884,149.800003
885,150.0
886,150.0
887,147.619995
888,148.850006
889,152.5
890,148.46000700000002
891,145.779999
892,140.5
893,168.449997
894,162.5
895,170.190002
896,171.240005
897,177.809998
898,177.229996
899,177.850006
900,175.16000400000001
901,171.5
902,175.300003
903,178.0
904,178.850006
905,182.889999
906,180.699997
907,178.300003
908,176.300003
909,181.009995
910,189.33999599999999
911,198.970001
912,195.779999
913,193.33999599999999
914,198.100006
915,205.240005
916,203.699997
917,215.00999500000003
918,211.63999900000002
919,208.759995
920,230.0
921,258.579987
922,261.25
923,249.649994
924,237.25999500000003
925,258.480011
926,256.72000099999997
927,254.13999900000002
928,252.940002
929,242.69999700000002
930,236.5
931,231.5
932,243.789993
933,235.289993
934,234.94999700000002
935,236.94999700000002
936,241.38999900000002
937,236.16000400000001
938,236.020004
939,229.75
940,224.13999900000002
941,221.94999700000002
942,212.36999500000002
943,212.80000299999998
944,216.5
945,209.020004
946,220.0
947,230.30000299999998
948,226.00999500000003
949,205.809998
950,210.05000299999998
951,216.75999500000003
952,216.82000699999998
953,200.610001
954,207.600006
955,199.08999599999999
956,197.0
957,199.610001
958,197.080002
959,206.360001
960,216.330002
961,210.809998
962,202.0
963,200.0
964,198.21000700000002
965,203.600006
966,207.080002
967,208.600006
968,209.479996
969,216.600006
970,209.639999
971,182.0
972,179.860001
973,183.869995
974,183.759995
975,188.949997
976,189.979996
977,188.949997
978,190.720001
979,196.940002
980,196.179993
981,200.350006
982,204.529999
983,208.520004
984,210.020004
985,210.57000699999998
986,210.30000299999998
987,207.330002
988,203.490005
989,204.350006
990,204.470001
991,209.75
992,207.949997
993,204.429993
994,201.5
995,205.100006
996,204.779999
997,206.759995
998,224.11000099999998
999,231.5
1000,228.88000499999998
1001,228.520004
1002,229.50999500000003
1003,238.97000099999997
1004,233.05000299999998
1005,237.169998
1006,234.690002
1007,239.55000299999998
1008,242.460007
1009,240.66000400000001
1010,231.289993
1011,227.5
1012,218.649994
1013,221.270004
1014,217.17999300000002
1015,220.61000099999998
1016,219.99000499999997
1017,226.729996
1018,221.82000699999998
1019,216.16000400000001
1020,215.94999700000002
1021,217.25
1022,222.190002
1023,220.00999500000003
1024,223.25
1025,222.72000099999997
1026,224.25
1027,226.61000099999998
1028,221.919998
1029,229.25999500000003
1030,226.08999599999999
1031,234.38000499999998
1032,237.47000099999997
1033,238.899994
1034,250.11999500000002
1035,251.16000400000001
1036,255.479996
1037,258.079987
1038,262.01001
1039,262.48999
1040,261.480011
1041,263.25
1042,258.869995
1043,254.669998
1044,256.519989
1045,254.539993
1046,258.190002
1047,264.980011
1048,263.5
1049,261.890015
1050,268.700012
1051,275.5
1052,287.670013
1053,284.01001
1054,282.549988
1055,277.619995
1056,282.98999
1057,279.5
1058,280.459991
1059,280.5
1060,274.369995
1061,255.149994
1062,262.410004
1063,263.359985
1064,257.98999
1065,255.0
1066,245.22000099999997
1067,251.11999500000002
1068,252.520004
1069,248.25
1070,244.0
1071,246.919998
1072,242.19999700000002
1073,250.19999700000002
1074,253.059998
1075,259.130005
1076,258.52999900000003
1077,260.100006
1078,262.25
1079,244.63999900000002
1080,238.57000699999998
1081,228.25
1082,220.0
1083,219.72000099999997
1084,233.38000499999998
1085,226.72000099999997
1086,234.270004
1087,233.190002
1088,234.66000400000001
1089,236.270004
1090,234.25
1091,229.600006
1092,241.13000499999998
1093,238.13999900000002
1094,242.50999500000003
1095,243.0
1096,240.49000499999997
1097,241.0
1098,234.49000499999997
1099,242.190002
1100,239.11000099999998
1101,242.55000299999998
1102,249.72000099999997
1103,250.61999500000002
1104,250.0
1105,257.48999
1106,255.86000099999998
1107,250.61000099999998
1108,247.94999700000002
1109,252.210007
1110,245.19999700000002
1111,247.350006
1112,248.33999599999999
1113,245.350006
1114,241.16000400000001
1115,234.57000699999998
1116,226.25
1117,228.600006
1118,228.669998
1119,221.539993
1120,209.33999599999999
1121,214.13000499999998
1122,210.52999900000003
1123,204.820007
1124,209.28999299999998
1125,200.889999
1126,193.059998
1127,212.38000499999998
1128,220.190002
1129,220.0
1130,223.809998
1131,219.770004
1132,221.50999500000003
1133,226.899994
1134,223.99000499999997
1135,223.08999599999999
1136,222.86999500000002
1137,214.55000299999998
1138,210.059998
1139,213.350006
1140,212.809998
1141,208.919998
1142,203.050003
1143,203.320007
1144,185.830002
1145,194.490005
1146,190.699997
1147,193.869995
1148,189.550003
1149,197.0
1150,200.28999299999998
1151,201.830002
1152,204.419998
1153,206.110001
1154,201.070007
1155,203.96000700000002
1156,203.970001
1157,213.22000099999997
1158,218.289993
1159,219.88000499999998
1160,222.0
1161,215.38000499999998
1162,217.55000299999998
1163,212.210007
1164,193.570007
1165,202.899994
1166,205.699997
1167,204.169998
1168,205.0
1169,210.77999900000003
1170,215.66000400000001
1171,207.28999299999998
1172,204.940002
1173,204.0
1174,206.899994
1175,202.699997
1176,196.809998
1177,199.25
1178,202.850006
1179,199.21000700000002
1180,194.389999
1181,188.46000700000002
1182,191.149994
1183,193.75
1184,188.949997
1185,192.0
1186,195.429993
1187,194.96000700000002
1188,202.0
1189,197.449997
1190,198.5
1191,201.580002
1192,198.270004
1193,193.919998
1194,189.070007
1195,185.850006
1196,193.529999
1197,188.699997
1198,190.229996
1199,198.0
1200,202.509995
1201,208.199997
1202,208.429993
1203,209.850006
1204,210.440002
1205,208.570007
1206,207.46000700000002
1207,207.699997
1208,204.990005
1209,206.779999
1210,205.800003
1211,212.5
1212,218.270004
1213,220.5
1214,222.559998
1215,234.75
1216,230.05000299999998
1217,230.38999900000002
1218,229.940002
1219,228.17999300000002
1220,237.75999500000003
1221,234.100006
1222,221.0
1223,235.99000499999997
1224,236.289993
1225,240.11000099999998
1226,247.61000099999998
1227,244.82000699999998
1228,243.92999300000002
1229,247.0
1230,248.42999300000002
1231,247.13000499999998
1232,243.02999900000003
1233,245.38000499999998
1234,247.67999300000002
1235,248.50999500000003
1236,247.02999900000003
1237,251.0
1238,251.41000400000001
1239,248.919998
1240,248.19999700000002
1241,247.5
1242,246.0
1243,250.850006
1244,255.399994
1245,251.899994
1246,253.25999500000003
1247,250.210007
1248,249.69999700000002
1249,250.13000499999998
1250,252.169998
1251,262.0
1252,262.399994
1253,262.149994
1254,260.320007
1255,266.980011
1256,266.450012
1257,268.890015
1258,261.950012
1259,264.799988
1260,271.109985
1261,280.200012
1262,278.880005
1263,275.0
1264,259.320007
1265,259.079987
1266,262.22000099999997
1267,262.25
1268,262.100006
1269,266.73999
1270,264.22000099999997
1271,272.5
1272,275.0
1273,270.049988
1274,261.269989
1275,269.649994
1276,267.380005
1277,262.429993
1278,255.75
1279,264.269989
1280,262.690002
1281,267.600006
1282,266.290009
1283,260.01001
1284,263.579987
1285,249.539993
1286,243.580002
1287,238.149994
1288,237.149994
1289,235.0
1290,239.86000099999998
1291,247.24000499999997
1292,255.559998
1293,255.38000499999998
1294,260.329987
1295,252.059998
1296,236.0
1297,202.78999299999998
1298,230.520004
1299,227.92999300000002
1300,231.0
1301,241.86000099999998
1302,245.61999500000002
1303,240.33999599999999
1304,245.30000299999998
1305,252.059998
1306,240.88999900000002
1307,245.05000299999998
1308,252.05000299999998
1309,247.229996
1310,247.63999900000002
1311,251.100006
1312,252.75
1313,253.039993
1314,263.959991
1315,257.959991
1316,263.980011
1317,259.02999900000003
1318,261.950012
1319,259.52999900000003
1320,266.609985
1321,257.350006
1322,250.460007
1323,252.0
1324,247.50999500000003
1325,235.600006
1326,248.83999599999999
1327,240.0
1328,236.63000499999998
1329,230.080002
1330,220.92999300000002
1331,222.99000499999997
1332,213.27999900000003
1333,220.669998
1334,216.42999300000002
1335,223.039993
1336,226.5
1337,227.72000099999997
1338,211.99000499999997
1339,211.559998
1340,215.0
1341,211.38000499999998
1342,214.83999599999999
1343,211.309998
1344,211.75
1345,210.399994
1346,208.919998
1347,213.850006
1348,227.0
1349,230.580002
1350,230.69999700000002
1351,232.99000499999997
1352,223.479996
1353,217.770004
1354,217.850006
1355,212.94999700000002
1356,206.08999599999999
1357,215.19999700000002
1358,214.5
1359,220.539993
1360,223.49000499999997
1361,217.350006
1362,215.36999500000002
1363,221.33999599999999
1364,231.059998
1365,231.789993
1366,231.059998
1367,237.0
1368,235.479996
1369,232.460007
1370,227.69999700000002
1371,227.520004
1372,226.69999700000002
1373,224.710007
1374,225.24000499999997
1375,217.50999500000003
1376,221.82000699999998
1377,222.100006
1378,233.940002
1379,232.88999900000002
1380,231.690002
1381,234.99000499999997
1382,232.17999300000002
1383,230.559998
1384,231.49000499999997
1385,230.059998
1386,236.600006
1387,238.50999500000003
1388,230.72000099999997
1389,226.36000099999998
1390,220.0
1391,214.190002
1392,217.86000099999998
1393,214.00999500000003
1394,211.600006
1395,212.00999500000003
1396,202.21000700000002
1397,198.970001
1398,208.71000700000002
1399,199.399994
1400,201.550003
1401,204.800003
1402,200.059998
1403,196.699997
1404,192.380005
1405,190.78999299999998
1406,189.949997
1407,188.759995
1408,192.419998
1409,183.58999599999999
1410,170.699997
1411,171.300003
1412,157.100006
1413,142.320007
1414,150.5
1415,152.0
1416,155.0
1417,158.699997
1418,159.0
1419,172.419998
1420,163.66000400000001
1421,170.119995
1422,176.16000400000001
1423,172.75
1424,178.649994
1425,188.699997
1426,192.399994
1427,194.25
1428,183.729996
1429,188.279999
1430,198.0
1431,197.679993
1432,203.5
1433,204.520004
1434,210.0
1435,207.929993
1436,212.649994
1437,214.270004
1438,218.0
1439,221.47000099999997
1440,229.100006
1441,235.33999599999999
1442,237.210007
1443,232.36999500000002
1444,215.77999900000003
1445,231.61000099999998
1446,229.88999900000002
1447,235.08999599999999
1448,229.33999599999999
1449,244.830002
1450,249.11999500000002
1451,240.5
1452,253.97000099999997
1453,266.450012
1454,260.5
1455,251.0
1456,249.5
1457,248.50999500000003
1458,253.0
1459,251.309998
1460,252.229996
1461,253.11999500000002
1462,246.25999500000003
1463,248.99000499999997
1464,248.88999900000002
1465,253.00999500000003
1466,252.05000299999998
1467,252.75
1468,249.850006
1469,248.13999900000002
1470,241.5
1471,237.36000099999998
1472,230.289993
1473,228.460007
1474,210.86999500000002
1475,215.72000099999997
1476,207.550003
1477,207.58999599999999
1478,211.440002
1479,207.779999
1480,208.149994
1481,209.050003
1482,209.149994
1483,213.61999500000002
1484,216.99000499999997
1485,219.86999500000002
1486,216.600006
1487,217.91000400000001
1488,220.5
1489,224.99000499999997
1490,223.039993
1491,221.479996
1492,219.58999599999999
1493,220.0
1494,218.0
1495,222.24000499999997
1496,233.80000299999998
1497,234.979996
1498,227.38999900000002
1499,219.5
1500,218.88000499999998
1501,216.94999700000002
1502,217.419998
1503,217.809998
1504,219.5
1505,220.67999300000002
1506,199.470001
1507,195.690002
1508,190.050003
1509,190.860001
1510,201.889999
1511,205.130005
1512,212.97000099999997
1513,206.139999
1514,209.729996
1515,210.0
1516,213.100006
1517,217.80000299999998
1518,219.960007
1519,224.100006
1520,225.5
1521,223.11999500000002
1522,222.520004
1523,219.63999900000002
1524,225.0
1525,226.47000099999997
1526,226.0
1527,221.99000499999997
1528,222.270004
1529,227.690002
1530,229.33999599999999
1531,227.94999700000002
1532,230.69999700000002
1533,235.5
1534,229.36999500000002
1535,227.36999500000002
1536,225.690002
1537,230.0
1538,228.0
1539,226.82000699999998
1540,228.24000499999997
1541,226.169998
1542,225.41000400000001
1543,226.020004
1544,225.49000499999997
1545,224.330002
1546,223.82000699999998
1547,223.539993
1548,224.169998
1549,224.32000699999998
1550,227.05000299999998
1551,223.11000099999998
1552,222.13999900000002
1553,220.149994
1554,216.11000099999998
1555,210.42999300000002
1556,209.009995
1557,202.330002
1558,199.020004
1559,205.5
1560,199.550003
1561,199.08999599999999
1562,195.0
1563,197.059998
1564,195.75
1565,196.490005
1566,200.419998
1567,207.0
1568,206.850006
1569,206.369995
1570,206.399994
1571,205.990005
1572,206.5
1573,209.649994
1574,207.509995
1575,205.600006
1576,202.21000700000002
1577,212.30000299999998
1578,213.100006
1579,212.24000499999997
1580,202.46000700000002
1581,201.0
1582,201.350006
1583,201.850006
1584,200.949997
1585,200.5
1586,200.66000400000001
1587,197.050003
1588,195.990005
1589,199.740005
1590,202.119995
1591,198.600006
1592,201.0
1593,202.899994
1594,201.0
1595,211.33999599999999
1596,204.0
1597,202.490005
1598,198.03999299999998
1599,190.050003
1600,189.0
1601,189.0
1602,193.58999599999999
1603,193.78999299999998
1604,186.880005
1605,191.050003
1606,184.240005
1607,188.0
1608,182.779999
1609,182.649994
1610,183.490005
1611,190.649994
1612,185.03999299999998
1613,185.83999599999999
1614,190.610001
1615,193.639999
1616,195.479996
1617,195.559998
1618,191.0
1619,188.25
1620,182.880005
1621,182.509995
1622,185.520004
1623,186.149994
1624,192.050003
1625,190.869995
1626,192.800003
1627,193.179993
1628,198.740005
1629,198.41000400000001
1630,198.080002
1631,202.490005
1632,203.050003
1633,208.449997
1634,208.220001
1635,208.0
1636,214.88000499999998
1637,221.52999900000003
1638,218.559998
1639,216.30000299999998
1640,214.86000099999998
1641,214.75
1642,226.419998
1643,226.92999300000002
1644,228.97000099999997
1645,232.0
1646,229.07000699999998
1647,229.059998
1648,230.0
1649,236.69999700000002
1650,236.649994
1651,247.25
1652,245.460007
1653,245.850006
1654,250.0
1655,257.309998
1656,254.289993
1657,251.38000499999998
1658,252.52999900000003
1659,249.24000499999997
1660,253.05000299999998
1661,248.33999599999999
1662,251.91000400000001
1663,251.0
1664,258.190002
1665,257.350006
1666,266.25
1667,269.790009
1668,270.73999
1669,279.02999900000003
1670,280.0
1671,277.600006
1672,265.799988
1673,275.450012
1674,280.309998
1675,264.0
1676,252.66000400000001
1677,248.169998
1678,244.190002
1679,254.17999300000002
1680,249.710007
1681,250.74000499999997
1682,247.91000400000001
1683,251.919998
1684,247.0
1685,247.63000499999998
1686,246.210007
1687,244.82000699999998
1688,246.11000099999998
1689,257.0
1690,262.399994
1691,264.0
1692,260.600006
1693,262.829987
1694,251.559998
1695,255.38999900000002
1696,255.69999700000002
1697,260.600006
1698,277.019989
1699,278.339996
1700,278.040009
1701,278.730011
1702,286.899994
1703,296.890015
1704,302.040009
1705,296.880005
1706,297.5
1707,309.149994
1708,313.380005
1709,306.339996
1710,296.700012
1711,302.700012
1712,299.700012
1713,302.459991
1714,306.51001
1715,302.0
1716,309.22000099999997
1717,308.0
1718,312.369995
1719,311.690002
1720,309.829987
1721,314.880005
1722,324.0
1723,317.670013
1724,307.440002
1725,298.0
1726,310.899994
1727,309.380005
1728,321.559998
1729,323.399994
1730,325.480011
1731,318.380005
1732,317.589996
1733,314.390015
1734,307.0
1735,315.5
1736,312.799988
1737,310.459991
1738,306.51001
1739,311.019989
1740,317.27999900000003
1741,326.0
1742,337.690002
1743,344.0
1744,339.769989
1745,338.5
1746,344.700012
1747,356.339996
1748,363.75
1749,374.420013
1750,357.98999
1751,367.619995
1752,381.089996
1753,372.5
1754,377.980011
1755,375.0
1756,376.670013
1757,374.350006
1758,377.98999
1759,382.450012
1760,386.690002
1761,376.399994
1762,366.679993
1763,370.609985
1764,363.709991
1765,370.23999
1766,347.200012
1767,317.26001
1768,313.5
1769,312.899994
1770,316.0
1771,330.399994
1772,330.109985
1773,323.190002
1774,325.540009
1775,317.5
1776,328.230011
1777,326.899994
1778,329.459991
1779,330.23999
1780,345.0
1781,340.359985
1782,346.0
1783,336.890015
1784,335.5
1785,323.0
1786,318.940002
1787,345.329987
1788,347.0
1789,357.350006
1790,357.52999900000003
1791,361.0
1792,361.600006
1793,356.97000099999997
1794,364.630005
1795,365.200012
1796,363.0
1797,361.209991
1798,352.910004
1799,345.820007
1800,341.130005
1801,338.98999
1802,352.519989
1803,354.23999
1804,347.27999900000003
1805,339.480011
1806,349.670013
1807,353.549988
1808,356.119995
1809,353.799988
1810,349.5
1811,345.980011
1812,348.98999
1813,351.350006
1814,364.48999
1815,363.820007
1816,364.329987
1817,374.51001
1818,380.25
1819,380.0
1820,373.0
1821,374.899994
1822,366.48999
1823,353.149994
1824,350.929993
1825,349.899994
1826,339.880005
1827,341.859985
1828,342.519989
1829,335.899994
1830,351.25
1831,356.0
1832,353.100006
1833,349.649994
1834,346.799988
1835,353.890015
1836,352.950012
1837,356.980011
1838,353.76001
1839,350.910004
1840,355.97000099999997
1841,355.559998
1842,352.690002
1843,349.880005
1844,338.799988
1845,336.700012
1846,327.77999900000003
1847,319.75
1848,319.179993
1849,320.230011
1850,332.25
1851,300.130005
1852,299.5
1853,307.0
1854,301.019989
1855,305.5
1856,302.5
1857,302.5
1858,300.130005
1859,315.0
1860,306.01001
1861,313.98999
1862,325.670013
1863,313.790009
1864,310.859985
1865,316.769989
1866,313.790009
1867,313.25
1868,316.359985
1869,317.299988
1870,308.559998
1871,305.440002
1872,306.5
1873,302.0
1874,300.100006
1875,312.0
1876,314.600006
1877,314.630005
1878,330.450012
1879,340.929993
1880,341.01001
1881,342.040009
1882,344.899994
1883,340.26001
1884,332.690002
1885,329.589996
1886,329.51001
1887,323.829987
1888,316.0
1889,311.75
1890,316.179993
1891,312.0
1892,321.0
1893,312.869995
1894,316.619995
1895,316.0
1896,335.160004
1897,332.200012
1898,335.23999
1899,338.630005
1900,337.540009
1901,340.47000099999997
1902,345.670013
1903,345.0
1904,349.399994
1905,360.0
1906,354.579987
1907,348.269989
1908,341.5
1909,339.850006
1910,345.140015
1911,347.51001
1912,351.0
1913,348.440002
1914,337.97000099999997
1915,325.209991
1916,338.98999
1917,343.309998
1918,319.929993
1919,316.130005
1920,315.019989
1921,320.839996
1922,324.5
1923,332.5
1924,334.47000099999997
1925,336.02999900000003
1926,335.52999900000003
1927,347.829987
1928,353.5
1929,356.25
1930,352.570007
1931,345.01001
1932,326.980011
1933,332.390015
1934,333.75
1935,325.440002
1936,332.859985
1937,324.100006
1938,328.609985
1939,328.609985
1940,336.76001
1941,329.380005
1942,322.929993
1943,316.5
1944,314.869995
1945,310.25
1946,313.890015
1947,311.25
1948,307.339996
1949,304.0
1950,264.579987
1951,256.48999
1952,256.26001
1953,269.820007
1954,252.77999900000003
1955,289.339996
1956,301.0
1957,300.369995
1958,298.97000099999997
1959,300.73999
1960,302.320007
1961,303.600006
1962,299.0
1963,288.869995
1964,291.079987
1965,291.079987
1966,295.170013
1967,291.290009
1968,285.0
1969,283.5
1970,278.75
1971,285.369995
1972,293.609985
1973,293.51001
1974,298.570007
1975,278.790009
1976,283.0
1977,297.5
1978,300.799988
1979,300.410004
1980,307.5
1981,307.700012
1982,303.320007
1983,285.01001
1984,283.829987
1985,285.899994
1986,284.649994
1987,281.329987
1988,287.76001
1989,277.76001
1990,278.399994
1991,277.630005
1992,278.51001
1993,283.290009
1994,287.209991
1995,285.859985
1996,294.339996
1997,297.700012
1998,300.5
1999,316.149994
2000,319.0
2001,322.51001
2002,344.700012
2003,346.709991
2004,347.630005
2005,353.839996
2006,355.399994
2007,365.160004
2008,358.040009
2009,362.0
2010,351.540009
2011,330.119995
2012,336.049988
2013,345.0
2014,348.660004
2015,353.329987
2016,360.070007
2017,331.75
2018,313.76001
2019,304.950012
2020,311.98999
2021,324.559998
2022,315.799988
2023,321.429993
2024,315.579987
2025,311.709991
2026,308.809998
2027,325.0
2028,316.329987
2029,321.230011
2030,301.839996
2031,304.420013
2032,296.73999
2033,304.850006
2034,307.25
2035,295.899994
2036,292.25
2037,297.98999
2038,328.440002
2039,347.809998
2040,345.459991
2041,343.839996
2042,369.089996
2043,365.549988
2044,354.0
2045,361.130005
2046,358.450012
2047,341.910004
2048,339.910004
2049,323.5
2050,291.700012
2051,310.609985
2052,320.869995
2053,319.140015
2054,320.700012
2055,318.0
2056,318.410004
2057,310.269989
2058,302.26001
2059,302.0
2060,296.940002
2061,285.049988
2062,284.799988
2063,260.100006
2064,273.26001
2065,279.47000099999997
2066,281.440002
2067,288.019989
2068,288.76001
2069,290.040009
2070,296.690002
2071,280.51001
2072,303.559998
2073,297.700012
2074,298.480011
2075,300.0
2076,301.910004
2077,312.899994
2078,270.26001
2079,305.769989
2080,313.950012
2081,303.329987
2082,293.950012
2083,274.649994
2084,264.519989
2085,255.25
2086,264.609985
2087,257.52999900000003
2088,261.0
2089,259.059998
2090,265.700012
2091,282.399994
2092,269.290009
2093,267.390015
2094,260.679993
2095,263.869995
2096,301.049988
2097,317.22000099999997
2098,308.25
2099,337.47000099999997
2100,328.390015
2101,332.540009
2102,338.26001
2103,343.73999
2104,340.5
2105,339.070007
2106,343.339996
2107,348.5
2108,349.0
2109,348.369995
2110,333.160004
2111,342.700012
2112,342.329987
2113,345.190002
2114,356.339996
2115,341.75
2116,352.0
2117,334.350006
2118,325.0
2119,340.049988
2120,345.98999
2121,347.0
2122,341.829987
2123,360.0
2124,356.049988
2125,356.01001
2126,369.0
2127,360.0
2128,369.910004
2129,369.420013
2130,370.149994
2131,375.0
2132,362.0
2133,350.540009
2134,337.600006
2135,327.049988
2136,317.399994
2137,313.5
2138,300.0
2139,319.839996
2140,323.100006
2141,337.790009
2142,306.100006
2143,307.0
2144,306.0
2145,321.72000099999997
2146,341.959991
2147,335.5
2148,334.399994
2149,342.089996
2150,342.380005
2151,335.0
2152,344.77999900000003
2153,346.209991
2154,323.0
2155,304.820007
2156,292.5
2157,283.02999900000003
2158,294.390015
2159,292.910004
2160,295.269989
2161,300.450012
2162,301.0
2163,305.420013
2164,312.980011
2165,312.48999
2166,319.589996
2167,313.299988
2168,306.829987
2169,311.600006
2170,316.200012
2171,312.350006
2172,303.380005
2173,304.5
2174,306.559998
2175,304.410004
2176,301.809998
2177,294.48999
2178,297.910004
2179,292.22000099999997
2180,301.77999900000003
2181,318.920013
2182,306.940002
2183,298.119995
2184,282.0
2185,276.480011
2186,278.839996
2187,276.910004
2188,283.519989
2189,286.48999
2190,283.899994
2191,292.450012
2192,283.51001
2193,276.0
2194,267.5
2195,269.690002
2196,272.600006
2197,272.579987
2198,259.709991
2199,264.440002
2200,268.75
2201,277.160004
2202,278.700012
2203,282.619995
2204,288.299988
2205,287.320007
2206,261.890015
2207,269.859985
2208,277.690002
2209,271.649994
2210,276.73999
2211,268.299988
2212,270.22000099999997
2213,268.630005
2214,265.75
2215,274.75
2216,271.230011
2217,269.0
2218,260.149994
2219,263.850006
2220,255.0
2221,246.5
2222,235.86000099999998
2223,242.059998
2224,238.850006
2225,245.520004
2226,243.86000099999998
2227,250.020004
2228,256.799988
2229,246.940002
2230,242.0
2231,239.75
2232,232.00999500000003
2233,229.30000299999998
2234,229.32000699999998
2235,229.49000499999997
2236,221.960007
2237,202.800003
2238,197.759995
2239,199.100006
2240,194.33999599999999
2241,199.830002
2242,191.199997
2243,187.100006
2244,188.75
2245,185.100006
2246,185.509995
2247,181.100006
2248,198.679993
2249,204.440002
2250,205.0
2251,210.25
2252,219.13999900000002
2253,222.94999700000002
2254,210.38000499999998
2255,211.25
2256,215.479996
2257,228.72000099999997
2258,225.11000099999998
2259,223.0
2260,216.22000099999997
2261,223.24000499999997
2262,224.38999900000002
2263,220.309998
2264,219.44999700000002
2265,220.99000499999997
2266,230.210007
2267,228.88999900000002
2268,239.38999900000002
2269,234.57000699999998
2270,231.24000499999997
2271,228.97000099999997
2272,234.149994
2273,238.13999900000002
2274,239.75
2275,248.0
2276,249.30000299999998
2277,255.669998
2278,255.05000299999998
2279,255.690002
2280,258.75
2281,256.709991
2282,259.170013
2283,233.5
2284,226.919998
2285,227.08999599999999
2286,232.899994
2287,243.0
2288,242.649994
2289,231.350006
2290,229.600006
2291,231.88000499999998
2292,226.5
2293,234.44999700000002
2294,236.05000299999998
2295,232.99000499999997
2296,228.809998
2297,231.210007
2298,220.86000099999998
2299,216.66000400000001
2300,224.210007
2301,227.61999500000002
2302,222.00999500000003
2303,222.80000299999998
2304,219.97000099999997
2305,213.600006
2306,215.74000499999997
2307,213.690002
2308,219.0
2309,229.149994
2310,224.080002
2311,226.88999900000002
2312,222.5
2313,227.19999700000002
2314,230.0
2315,230.80000299999998
2316,237.38000499999998
2317,247.69999700000002
2318,246.960007
2319,246.0
2320,242.47000099999997
2321,245.0
2322,246.0
2323,246.49000499999997
2324,240.0
2325,241.520004
2326,224.559998
2327,230.66000400000001
2328,242.19999700000002
2329,243.0
2330,241.5
2331,243.289993
2332,231.86000099999998
2333,231.61000099999998
2334,229.80000299999998
2335,235.86999500000002
2336,241.32000699999998
2337,245.27999900000003
2338,247.149994
2339,247.899994
2340,257.700012
2341,257.390015
2342,262.5
2343,260.700012
2344,258.329987
2345,254.32000699999998
2346,254.5
2347,298.369995
2348,297.72000099999997
2349,327.540009
2350,319.98999
2351,313.0
2352,313.100006
2353,316.320007
2354,314.799988
2355,319.619995
2356,318.0
2357,329.140015
2358,334.5
2359,343.950012
2360,346.899994
2361,355.0
2362,346.109985
2363,350.640015
2364,352.920013
2365,351.75
2366,360.0
2367,354.51001
2368,340.160004
2369,344.320007
2370,335.269989
2371,331.119995
2372,331.109985
2373,329.399994
2374,332.619995
2375,337.75
2376,332.829987
2377,335.0
2378,336.589996
2379,339.959991
2380,351.880005
2381,354.920013
2382,361.049988
2383,362.549988
2384,378.98999
2385,380.630005
2386,397.320007
2387,410.290009
2388,411.77999900000003
2389,418.359985
2390,427.910004
2391,435.0
2392,428.790009
2393,405.0
2394,424.5
2395,440.5
2396,440.47000099999997
2397,461.39999400000005
2398,473.700012
2399,497.10000599999995
